{
  "name": "jquery.githubRepoWidget",
  "_cacheHeaders": {
    "ETag": "\"72eefc0ef13f1573faeebdbc1ab8556091949ae3\"",
    "Content-Length": "3288",
    "Content-Type": "text/plain; charset=utf-8"
  },
  "_release": "e-tag:72eefc0ef",
  "main": "index.js",
  "_source": "https://raw.githubusercontent.com/JoelSutherland/GitHub-jQuery-Repo-Widget/master/jquery.githubRepoWidget.js",
  "_target": "*",
  "_originalSource": "https://raw.githubusercontent.com/JoelSutherland/GitHub-jQuery-Repo-Widget/master/jquery.githubRepoWidget.js"
}